{"cameraMode":{"drawMode":0,"name":"Shaded","section":"Shading Mode"},"sceneLighting":true,"audioPlay":false,"sceneViewState":{"showFog":false,"showMaterialUpdate":false,"showSkybox":false,"showFlares":false,"showImageEffects":false,"showParticleSystems":false},"in2DMode":false,"pivot":{"x":7.4066081047058109,"y":3.3312888145446779,"z":-54.36632537841797},"rotation":{"x":0.42505699396133425,"y":-0.36659032106399538,"z":0.1936553567647934,"w":0.8046345114707947},"size":13.117608070373536,"orthographic":false}