{"cameraMode":{"drawMode":0,"name":"Shaded","section":"Shading Mode"},"sceneLighting":true,"audioPlay":false,"sceneViewState":{"showFog":false,"showMaterialUpdate":false,"showSkybox":false,"showFlares":false,"showImageEffects":false,"showParticleSystems":false},"in2DMode":false,"pivot":{"x":-110.06707000732422,"y":-85.39697265625,"z":-84.20118713378906},"rotation":{"x":-0.08269134163856507,"y":0.9172263741493225,"z":-0.26903343200683596,"w":-0.2819227874279022},"size":213.4820556640625,"orthographic":false}