{"cameraMode":{"drawMode":0,"name":"Shaded","section":"Shading Mode"},"sceneLighting":true,"audioPlay":false,"sceneViewState":{"showFog":false,"showMaterialUpdate":false,"showSkybox":false,"showFlares":false,"showImageEffects":false,"showParticleSystems":false},"in2DMode":false,"pivot":{"x":-11.595561981201172,"y":7.615623474121094,"z":-15.588963508605957},"rotation":{"x":-0.19976426661014558,"y":-0.6025834679603577,"z":0.15920878946781159,"w":-0.7560732960700989},"size":8.985791206359864,"orthographic":false}