{"cameraMode":{"drawMode":0,"name":"Shaded","section":"Shading Mode"},"sceneLighting":true,"audioPlay":false,"sceneViewState":{"showFog":false,"showMaterialUpdate":false,"showSkybox":false,"showFlares":false,"showImageEffects":false,"showParticleSystems":false},"in2DMode":false,"pivot":{"x":54.772281646728519,"y":-113.84307098388672,"z":-5.3204498291015629},"rotation":{"x":0.415147989988327,"y":0.0327400304377079,"z":-0.014952369034290314,"w":0.9090492725372315},"size":108.75077819824219,"orthographic":false}