{"cameraMode":{"drawMode":0,"name":"Shaded","section":"Shading Mode"},"sceneLighting":true,"audioPlay":false,"sceneViewState":{"showFog":false,"showMaterialUpdate":false,"showSkybox":false,"showFlares":false,"showImageEffects":false,"showParticleSystems":false},"in2DMode":false,"pivot":{"x":61.35136032104492,"y":11.223142623901368,"z":84.02545166015625},"rotation":{"x":0.07890348136425019,"y":0.3649534285068512,"z":-0.03105844371020794,"w":0.927156388759613},"size":43.14205551147461,"orthographic":false}