{"cameraMode":{"drawMode":0,"name":"Shaded","section":"Shading Mode"},"sceneLighting":true,"audioPlay":false,"sceneViewState":{"showFog":false,"showMaterialUpdate":false,"showSkybox":false,"showFlares":false,"showImageEffects":false,"showParticleSystems":false},"in2DMode":false,"pivot":{"x":3.9147496223449709,"y":-53.6427001953125,"z":-52.75282287597656},"rotation":{"x":0.44999435544013979,"y":-0.013889658264815808,"z":0.007012209855020046,"w":0.8929186463356018},"size":64.67607116699219,"orthographic":false}