{"cameraMode":{"drawMode":0,"name":"Shaded","section":"Shading Mode"},"sceneLighting":false,"audioPlay":false,"sceneViewState":{"showFog":false,"showMaterialUpdate":false,"showSkybox":false,"showFlares":false,"showImageEffects":false,"showParticleSystems":false},"in2DMode":false,"pivot":{"x":-2.8642005920410158,"y":-5.507878303527832,"z":-0.9699926376342773},"rotation":{"x":0.20820675790309907,"y":0.5228699445724487,"z":-0.13345396518707276,"w":0.8157491087913513},"size":14.142487525939942,"orthographic":false}