{"cameraMode":{"drawMode":0,"name":"Shaded","section":"Shading Mode"},"sceneLighting":false,"audioPlay":false,"sceneViewState":{"showFog":false,"showMaterialUpdate":false,"showSkybox":false,"showFlares":false,"showImageEffects":false,"showParticleSystems":false},"in2DMode":false,"pivot":{"x":-20.470563888549806,"y":2.4879002571105959,"z":-0.1887340545654297},"rotation":{"x":0.2469601035118103,"y":0.0966634675860405,"z":-0.024732468649744989,"w":0.9639031887054443},"size":14.376969337463379,"orthographic":false}