{"cameraMode":{"drawMode":0,"name":"Shaded","section":"Shading Mode"},"sceneLighting":true,"audioPlay":false,"sceneViewState":{"showFog":false,"showMaterialUpdate":false,"showSkybox":false,"showFlares":false,"showImageEffects":false,"showParticleSystems":false},"in2DMode":false,"pivot":{"x":71.25690460205078,"y":31.308269500732423,"z":-3.977386474609375},"rotation":{"x":-0.00298593589104712,"y":0.9969315528869629,"z":-0.06138872355222702,"w":-0.0484912134706974},"size":42.787437438964847,"orthographic":false}