{"cameraMode":{"drawMode":0,"name":"Shaded","section":"Shading Mode"},"sceneLighting":true,"audioPlay":false,"sceneViewState":{"showFog":false,"showMaterialUpdate":false,"showSkybox":false,"showFlares":false,"showImageEffects":false,"showParticleSystems":false},"in2DMode":false,"pivot":{"x":-21.0881404876709,"y":-15.531047821044922,"z":-80.73590850830078},"rotation":{"x":0.5825744867324829,"y":-0.003657449735328555,"z":0.0026210001669824125,"w":0.8127667307853699},"size":21.456119537353517,"orthographic":false}