{"cameraMode":{"drawMode":0,"name":"Shaded","section":"Shading Mode"},"sceneLighting":true,"audioPlay":false,"sceneViewState":{"showFog":false,"showMaterialUpdate":false,"showSkybox":false,"showFlares":false,"showImageEffects":false,"showParticleSystems":false},"in2DMode":false,"pivot":{"x":-0.5004003047943115,"y":3.2095556259155275,"z":6.611721992492676},"rotation":{"x":-0.2694069445133209,"y":-0.08596019446849823,"z":0.024153757840394975,"w":-0.9588818550109863},"size":12.528534889221192,"orthographic":false}