{"cameraMode":{"drawMode":0,"name":"Shaded","section":"Shading Mode"},"sceneLighting":false,"audioPlay":false,"sceneViewState":{"showFog":false,"showMaterialUpdate":false,"showSkybox":false,"showFlares":false,"showImageEffects":false,"showParticleSystems":false},"in2DMode":false,"pivot":{"x":-1.7675797939300538,"y":-5.141511917114258,"z":18.493532180786134},"rotation":{"x":-0.2796986997127533,"y":-0.011236118152737618,"z":0.0032735811546444895,"w":-0.9600173234939575},"size":22.187437057495118,"orthographic":false}