{"cameraMode":{"drawMode":0,"name":"Shaded","section":"Shading Mode"},"sceneLighting":false,"audioPlay":false,"sceneViewState":{"showFog":false,"showMaterialUpdate":false,"showSkybox":false,"showFlares":false,"showImageEffects":false,"showParticleSystems":false},"in2DMode":false,"pivot":{"x":0.05093574523925781,"y":15.189697265625,"z":0.017829179763793947},"rotation":{"x":-0.0006859237910248339,"y":-0.9992360472679138,"z":0.03329598158597946,"w":-0.020695816725492479},"size":17.951942443847658,"orthographic":false}