{"cameraMode":{"drawMode":0,"name":"Shaded","section":"Shading Mode"},"sceneLighting":true,"audioPlay":false,"sceneViewState":{"showFog":false,"showMaterialUpdate":false,"showSkybox":false,"showFlares":false,"showImageEffects":false,"showParticleSystems":false},"in2DMode":false,"pivot":{"x":366.7212219238281,"y":-149.67990112304688,"z":273.7401123046875},"rotation":{"x":-0.23013372719287873,"y":0.12859658896923066,"z":-0.030695175752043725,"w":-0.9641373753547669},"size":867.1024169921875,"orthographic":false}