{"cameraMode":{"drawMode":0,"name":"Shaded","section":"Shading Mode"},"sceneLighting":true,"audioPlay":false,"sceneViewState":{"showFog":false,"showMaterialUpdate":false,"showSkybox":false,"showFlares":false,"showImageEffects":false,"showParticleSystems":false},"in2DMode":false,"pivot":{"x":48.461158752441409,"y":4.244434356689453,"z":85.47760009765625},"rotation":{"x":-0.18689602613449098,"y":-0.4938696026802063,"z":0.10961057245731354,"w":-0.8421132564544678},"size":35.663856506347659,"orthographic":false}