{"cameraMode":{"drawMode":0,"name":"Shaded","section":"Shading Mode"},"sceneLighting":false,"audioPlay":false,"sceneViewState":{"showFog":false,"showMaterialUpdate":false,"showSkybox":false,"showFlares":false,"showImageEffects":false,"showParticleSystems":false},"in2DMode":false,"pivot":{"x":1.6203575134277344,"y":1.7843284606933594,"z":2.3556594848632814},"rotation":{"x":0.026656610891222955,"y":0.9637126326560974,"z":-0.10536360740661621,"w":0.24381494522094727},"size":8.525735855102539,"orthographic":false}