{"cameraMode":{"drawMode":0,"name":"Shaded","section":"Shading Mode"},"sceneLighting":true,"audioPlay":false,"sceneViewState":{"showFog":false,"showMaterialUpdate":false,"showSkybox":false,"showFlares":false,"showImageEffects":false,"showParticleSystems":false},"in2DMode":false,"pivot":{"x":38.213417053222659,"y":24.867279052734376,"z":46.873600006103519},"rotation":{"x":0.5050563812255859,"y":0.011651093140244484,"z":-0.006818722002208233,"w":0.862981915473938},"size":59.08261489868164,"orthographic":false}