{"cameraMode":{"drawMode":0,"name":"Shaded","section":"Shading Mode"},"sceneLighting":true,"audioPlay":false,"sceneViewState":{"showFog":false,"showMaterialUpdate":false,"showSkybox":false,"showFlares":false,"showImageEffects":false,"showParticleSystems":false},"in2DMode":false,"pivot":{"x":110.13126373291016,"y":-161.67665100097657,"z":147.01712036132813},"rotation":{"x":0.29025915265083315,"y":0.16965533792972566,"z":-0.052368659526109698,"w":0.9403318762779236},"size":161.93783569335938,"orthographic":false}