{"cameraMode":{"drawMode":0,"name":"Shaded","section":"Shading Mode"},"sceneLighting":false,"audioPlay":false,"sceneViewState":{"showFog":false,"showMaterialUpdate":false,"showSkybox":false,"showFlares":false,"showImageEffects":false,"showParticleSystems":false},"in2DMode":false,"pivot":{"x":-5.12285852432251,"y":-2.417552947998047,"z":2.9534521102905275},"rotation":{"x":0.5474557280540466,"y":0.03512345999479294,"z":-0.023006664589047433,"w":0.8357809782028198},"size":14.336851119995118,"orthographic":false}