{"cameraMode":{"drawMode":0,"name":"Shaded","section":"Shading Mode"},"sceneLighting":true,"audioPlay":false,"sceneViewState":{"showFog":false,"showMaterialUpdate":false,"showSkybox":false,"showFlares":false,"showImageEffects":false,"showParticleSystems":false},"in2DMode":false,"pivot":{"x":256.1553039550781,"y":334.2318115234375,"z":27.914337158203126},"rotation":{"x":-0.18188300728797913,"y":-0.4070296287536621,"z":0.08306402713060379,"w":-0.8912613987922669},"size":422.4294128417969,"orthographic":false}