{"cameraMode":{"drawMode":0,"name":"Shaded","section":"Shading Mode"},"sceneLighting":true,"audioPlay":false,"sceneViewState":{"showFog":false,"showMaterialUpdate":false,"showSkybox":false,"showFlares":false,"showImageEffects":false,"showParticleSystems":false},"in2DMode":false,"pivot":{"x":18.687864303588868,"y":20.571643829345704,"z":-69.87860107421875},"rotation":{"x":0.5573344826698303,"y":0.038575679063797,"z":-0.025934739038348199,"w":0.8289861679077148},"size":26.206890106201173,"orthographic":false}