{"cameraMode":{"drawMode":0,"name":"Shaded","section":"Shading Mode"},"sceneLighting":true,"audioPlay":false,"sceneViewState":{"showFog":false,"showMaterialUpdate":false,"showSkybox":false,"showFlares":false,"showImageEffects":false,"showParticleSystems":false},"in2DMode":false,"pivot":{"x":121.94425201416016,"y":-25.950397491455079,"z":-65.93812561035156},"rotation":{"x":0.14311052858829499,"y":0.500182569026947,"z":-0.08419710397720337,"w":0.8498802781105042},"size":76.49744415283203,"orthographic":false}