{"cameraMode":{"drawMode":0,"name":"Shaded","section":"Shading Mode"},"sceneLighting":true,"audioPlay":false,"sceneViewState":{"showFog":false,"showMaterialUpdate":false,"showSkybox":false,"showFlares":false,"showImageEffects":false,"showParticleSystems":false},"in2DMode":false,"pivot":{"x":31.670595169067384,"y":-47.98353576660156,"z":75.01246643066406},"rotation":{"x":0.3630828857421875,"y":0.11141960322856903,"z":-0.04378029704093933,"w":0.9240358471870422},"size":116.79029846191406,"orthographic":false}