{"cameraMode":{"drawMode":0,"name":"Shaded","section":"Shading Mode"},"sceneLighting":false,"audioPlay":false,"sceneViewState":{"showFog":false,"showMaterialUpdate":false,"showSkybox":false,"showFlares":false,"showImageEffects":false,"showParticleSystems":false},"in2DMode":false,"pivot":{"x":-30.110416412353517,"y":1.6224513053894044,"z":14.604296684265137},"rotation":{"x":-0.0011121788993477822,"y":-0.9967401027679443,"z":0.07971896976232529,"w":-0.013718240894377232},"size":2.4993736743927,"orthographic":false}