{"cameraMode":{"drawMode":0,"name":"Shaded","section":"Shading Mode"},"sceneLighting":true,"audioPlay":false,"sceneViewState":{"showFog":false,"showMaterialUpdate":false,"showSkybox":false,"showFlares":false,"showImageEffects":false,"showParticleSystems":false},"in2DMode":false,"pivot":{"x":43.292938232421878,"y":-41.66413879394531,"z":40.67291259765625},"rotation":{"x":0.2578935921192169,"y":0.03332509472966194,"z":-0.008900822140276432,"w":0.9655590057373047},"size":186.8113250732422,"orthographic":false}