{"cameraMode":{"drawMode":0,"name":"Shaded","section":"Shading Mode"},"sceneLighting":true,"audioPlay":false,"sceneViewState":{"showFog":false,"showMaterialUpdate":false,"showSkybox":false,"showFlares":false,"showImageEffects":false,"showParticleSystems":false},"in2DMode":false,"pivot":{"x":-6.515651226043701,"y":-16.57271957397461,"z":-42.32018280029297},"rotation":{"x":0.31627658009529116,"y":-0.022765090689063073,"z":0.007592097390443087,"w":0.9483633637428284},"size":33.869632720947269,"orthographic":false}