{"cameraMode":{"drawMode":0,"name":"Shaded","section":"Shading Mode"},"sceneLighting":true,"audioPlay":false,"sceneViewState":{"showFog":false,"showMaterialUpdate":false,"showSkybox":false,"showFlares":false,"showImageEffects":false,"showParticleSystems":false},"in2DMode":false,"pivot":{"x":-269.52752685546877,"y":464.1340026855469,"z":-251.98703002929688},"rotation":{"x":-0.0020436609629541637,"y":-0.955055832862854,"z":0.0065885684452950958,"w":-0.29636290669441225},"size":1426.9700927734375,"orthographic":false}