{"cameraMode":{"drawMode":0,"name":"Shaded","section":"Shading Mode"},"sceneLighting":true,"audioPlay":false,"sceneViewState":{"showFog":false,"showMaterialUpdate":false,"showSkybox":false,"showFlares":false,"showImageEffects":false,"showParticleSystems":false},"in2DMode":false,"pivot":{"x":84.0889892578125,"y":-2.485393524169922,"z":53.30565643310547},"rotation":{"x":0.023581769317388536,"y":0.9706910848617554,"z":-0.21390627324581147,"w":0.10700849443674088},"size":41.02665710449219,"orthographic":false}