{"cameraMode":{"drawMode":0,"name":"Shaded","section":"Shading Mode"},"sceneLighting":true,"audioPlay":false,"sceneViewState":{"showFog":false,"showMaterialUpdate":false,"showSkybox":false,"showFlares":false,"showImageEffects":false,"showParticleSystems":false},"in2DMode":false,"pivot":{"x":7.969175338745117,"y":1.8022431135177613,"z":-6.145458698272705},"rotation":{"x":-0.41503456234931948,"y":0.2065829336643219,"z":-0.09735593944787979,"w":-0.8806775212287903},"size":17.22346305847168,"orthographic":false}