{"cameraMode":{"drawMode":0,"name":"Shaded","section":"Shading Mode"},"sceneLighting":true,"audioPlay":false,"sceneViewState":{"showFog":false,"showMaterialUpdate":false,"showSkybox":false,"showFlares":false,"showImageEffects":false,"showParticleSystems":false},"in2DMode":false,"pivot":{"x":-26.332134246826173,"y":-31.881328582763673,"z":-211.33416748046876},"rotation":{"x":-0.19390694797039033,"y":0.7864385843276978,"z":-0.30412721633911135,"w":-0.5014277100563049},"size":34.96614456176758,"orthographic":false}