{"cameraMode":{"drawMode":0,"name":"Shaded","section":"Shading Mode"},"sceneLighting":true,"audioPlay":false,"sceneViewState":{"showFog":false,"showMaterialUpdate":false,"showSkybox":false,"showFlares":false,"showImageEffects":false,"showParticleSystems":false},"in2DMode":false,"pivot":{"x":7.814548492431641,"y":2.803211212158203,"z":-1.5890884399414063},"rotation":{"x":0.02221134677529335,"y":0.9753052592277527,"z":-0.11611770838499069,"w":0.18655939400196076},"size":47.00783157348633,"orthographic":false}