{"cameraMode":{"drawMode":0,"name":"Shaded","section":"Shading Mode"},"sceneLighting":false,"audioPlay":false,"sceneViewState":{"showFog":false,"showMaterialUpdate":false,"showSkybox":false,"showFlares":false,"showImageEffects":false,"showParticleSystems":false},"in2DMode":false,"pivot":{"x":4.252872467041016,"y":2.064892292022705,"z":3.943100929260254},"rotation":{"x":0.2469601035118103,"y":0.0966634675860405,"z":-0.024732468649744989,"w":0.9639031887054443},"size":5.993564605712891,"orthographic":false}