{"cameraMode":{"drawMode":0,"name":"Shaded","section":"Shading Mode"},"sceneLighting":true,"audioPlay":false,"sceneViewState":{"showFog":false,"showMaterialUpdate":false,"showSkybox":false,"showFlares":false,"showImageEffects":false,"showParticleSystems":false},"in2DMode":false,"pivot":{"x":-17.86039161682129,"y":-8.170982360839844,"z":1.5193939208984376},"rotation":{"x":0.39340299367904665,"y":-0.01654694229364395,"z":0.007082802709192038,"w":0.9191931486129761},"size":57.048282623291019,"orthographic":false}