{"cameraMode":{"drawMode":0,"name":"Shaded","section":"Shading Mode"},"sceneLighting":true,"audioPlay":false,"sceneViewState":{"showFog":false,"showMaterialUpdate":false,"showSkybox":false,"showFlares":false,"showImageEffects":false,"showParticleSystems":false},"in2DMode":false,"pivot":{"x":18.940616607666017,"y":14.080360412597657,"z":-81.73645782470703},"rotation":{"x":0.4361773729324341,"y":0.03969326987862587,"z":-0.019243288785219194,"w":0.8987966775894165},"size":43.994102478027347,"orthographic":false}