{"cameraMode":{"drawMode":0,"name":"Shaded","section":"Shading Mode"},"sceneLighting":false,"audioPlay":false,"sceneViewState":{"showFog":false,"showMaterialUpdate":false,"showSkybox":false,"showFlares":false,"showImageEffects":false,"showParticleSystems":false},"in2DMode":false,"pivot":{"x":1.577128529548645,"y":8.798440933227539,"z":-24.599609375},"rotation":{"x":-0.0032452712766826154,"y":0.9539530277252197,"z":-0.2998015284538269,"w":-0.010315969586372376},"size":19.38933753967285,"orthographic":false}