{"cameraMode":{"drawMode":0,"name":"Shaded","section":"Shading Mode"},"sceneLighting":false,"audioPlay":false,"sceneViewState":{"showFog":false,"showMaterialUpdate":false,"showSkybox":false,"showFlares":false,"showImageEffects":false,"showParticleSystems":false},"in2DMode":false,"pivot":{"x":1.6157512664794922,"y":0.9170904159545898,"z":-2.3167362213134767},"rotation":{"x":0.20820675790309907,"y":0.5228699445724487,"z":-0.13345396518707276,"w":0.8157491087913513},"size":14.142487525939942,"orthographic":false}